id,premium,deductible,income,insurance,choice
1,2.86798891705923,1.700825860713155,5.736151490227936,Health,1
1,3.132678253322696,2.141191797886485,5.736151490227936,HCorp,0
1,2.034546405495844,2.261641234257608,5.736151490227936,SickInc,0
1,1.652946995826437,2.940557945651019,5.736151490227936,MGroup,0
1,.8697921428215101,3.55618443370116,5.736151490227936,MoonHealth,0
2,3.517932835365471,1.241650170293283,2.892377003251854,Health,0
2,3.230599150767028,1.520715876936118,2.892377003251854,HCorp,0
2,2.805275339741328,2.307992036399231,2.892377003251854,SickInc,0
2,1.039537534685938,2.581369421158746,2.892377003251854,MGroup,1
2,.9321322722182694,3.17413059263454,2.892377003251854,MoonHealth,0
3,2.301227142018882,1.280451176572016,4.693924078699497,Health,1
3,2.550180983708014,1.597626651351377,4.693924078699497,HCorp,0
3,1.544720455344919,2.538124637902969,4.693924078699497,SickInc,0
3,2.115359802847856,3.077420004223493,4.693924078699497,MGroup,0
3,1.107660372048166,2.118770229188614,4.693924078699497,MoonHealth,0
4,3.500632574961887,.849375474934249,8.164589674860849,Health,0
4,2.371176437250213,1.461605966888345,8.164589674860849,HCorp,1
4,2.028505350443817,2.401341391018394,8.164589674860849,SickInc,0
4,2.313319485327369,2.23801011146108,8.164589674860849,MGroup,0
4,.8474076291080694,3.694450524323237,8.164589674860849,MoonHealth,0
5,4.069839346035274,1.0366723465164,5.669116116394632,Health,1
5,2.478581300738955,1.553695559460417,5.669116116394632,HCorp,0
5,2.575454168554219,2.80868010480677,5.669116116394632,SickInc,0
5,2.415178173978835,2.52590924046412,5.669116116394632,MGroup,0
5,1.238742512297228,3.182584512792733,5.669116116394632,MoonHealth,0
6,2.988874949748893,1.744282263222252,4.515219391184937,Health,0
6,3.005625710154334,2.048470419006351,4.515219391184937,HCorp,0
6,1.830929936422003,2.975515577163038,4.515219391184937,SickInc,0
6,1.159967457181501,2.747776165913998,4.515219391184937,MGroup,1
6,1.846551257877585,3.468322048575876,4.515219391184937,MoonHealth,0
7,2.945431110910409,1.571414380059794,6.139137507615851,Health,0
7,2.545535907827045,2.036645972293401,6.139137507615851,HCorp,1
7,2.795233958431525,2.159247726409459,6.139137507615851,SickInc,0
7,1.885777439844466,2.834869118460691,6.139137507615851,MGroup,0
7,1.681482526830002,3.033980377900297,6.139137507615851,MoonHealth,0
8,2.91232913905329,1.555952078869072,3.114214451900269,Health,1
8,2.589988572160355,2.118259203172417,3.114214451900269,HCorp,0
8,1.643870253302772,2.569333198603018,3.114214451900269,SickInc,0
8,1.8935505500747,2.767868401592391,3.114214451900269,MGroup,0
8,1.961034203254636,3.232953835639485,3.114214451900269,MoonHealth,0
9,2.76337793833183,.6374577532069727,3.928300538435422,Health,0
9,2.959349965028228,1.444525972125465,3.928300538435422,HCorp,0
9,2.561207462678787,2.095386878264438,3.928300538435422,SickInc,1
9,2.197583933193916,3.028993544619453,3.928300538435422,MGroup,0
9,1.306847609673162,3.088058918908072,3.928300538435422,MoonHealth,0
10,2.776953307769012,1.342880466882147,5.17629521001403,Health,0
10,3.197467921808832,1.948368342075716,5.17629521001403,HCorp,0
10,2.362625028148892,2.154829882115979,5.17629521001403,SickInc,0
10,1.555705005497672,2.296609298412513,5.17629521001403,MGroup,1
10,1.778604130109855,2.94311968990898,5.17629521001403,MoonHealth,0
11,3.050542105173003,1.589244029842691,4.509733728143174,Health,0
11,3.123837402198039,1.785666054711473,4.509733728143174,HCorp,0
11,1.509193544293887,1.900049764088476,4.509733728143174,SickInc,1
11,1.456842308564774,2.909158834464988,4.509733728143174,MGroup,0
11,2.255963433929459,2.515261883964865,4.509733728143174,MoonHealth,0
12,3.614387503723102,.6079373815593203,3.179259702993937,Health,0
12,2.882838280532075,1.670304770716181,3.179259702993937,HCorp,1
12,2.76439463145128,1.85749884328592,3.179259702993937,SickInc,0
12,2.050691353478463,2.574043682372697,3.179259702993937,MGroup,0
12,1.655689731970868,3.367789542652841,3.179259702993937,MoonHealth,0
13,3.631814738875096,1.178265752688247,4.98676889663521,Health,0
13,3.046518030609974,1.642417341204976,4.98676889663521,HCorp,1
13,3.258272144629364,2.325507888538812,4.98676889663521,SickInc,0
13,2.21480823376511,2.25133222501918,4.98676889663521,MGroup,0
13,1.594460288080326,3.584334891153467,4.98676889663521,MoonHealth,0
14,2.951227312533798,.8289698202952294,7.44000081156104,Health,1
14,3.581582627891826,1.694345166555068,7.44000081156104,HCorp,0
14,1.710955024449681,2.038699752283998,7.44000081156104,SickInc,0
14,2.480002702220983,2.526182546713813,7.44000081156104,MGroup,0
14,1.228533288084278,2.858142082251074,7.44000081156104,MoonHealth,0
15,4.079661202041872,1.499129739074962,3.055372836607128,Health,0
15,2.399239532219105,1.749248790519235,3.055372836607128,HCorp,0
15,1.319000479431904,2.003048227517599,3.055372836607128,SickInc,1
15,2.157029568594742,2.588457079334018,3.055372836607128,MGroup,0
15,1.624226552071785,3.746290881447439,3.055372836607128,MoonHealth,0
16,3.891305981554963,1.093720772615483,6.578081215523994,Health,0
16,3.165359291999803,1.310415167283457,6.578081215523994,HCorp,0
16,1.93590229716718,2.198070591463,6.578081215523994,SickInc,1
16,2.143998229500723,2.691557590275458,6.578081215523994,MGroup,0
16,1.187826489878228,3.295975529024949,6.578081215523994,MoonHealth,0
17,3.481553876563718,1.015800934475717,6.487834570869254,Health,0
17,2.729848533991181,1.83799093280892,6.487834570869254,HCorp,0
17,2.06726871659618,1.832827835975038,6.487834570869254,SickInc,1
17,1.944763004109286,2.85269406300963,6.487834570869254,MGroup,0
17,2.108593914073714,3.172887530904936,6.487834570869254,MoonHealth,0
18,3.923108864898426,1.614972388778018,5.289710871708366,Health,0
18,2.688521008680059,2.035577639049357,5.289710871708366,HCorp,0
18,1.940185672107776,1.697713822728674,5.289710871708366,SickInc,1
18,1.674970642869475,2.552634234814753,5.289710871708366,MGroup,0
18,1.074527171103817,3.699995645856347,5.289710871708366,MoonHealth,0
19,2.857227588484797,.9697742247015488,4.953229254129444,Health,1
19,3.367122506518823,1.722922477507868,4.953229254129444,HCorp,0
19,2.061650171369418,2.337462047603033,4.953229254129444,SickInc,0
19,1.188856868356228,2.958637938964499,4.953229254129444,MGroup,0
19,1.360391128285556,2.735769270743669,4.953229254129444,MoonHealth,0
20,2.936879999073151,1.649928655601498,4.657453511484282,Health,0
20,2.577086259153462,1.663401463881157,4.657453511484282,HCorp,1
20,2.890142394120418,2.465834745985073,4.657453511484282,SickInc,0
20,2.103802765208617,3.005267102451988,4.657453511484282,MGroup,0
20,2.193127510264755,3.31823744831827,4.657453511484282,MoonHealth,0
21,3.377404682518668,1.500511280150953,3.787408212438185,Health,0
21,2.708711841032725,1.739558158849622,3.787408212438185,HCorp,1
21,2.616549400104628,2.111209671608902,3.787408212438185,SickInc,0
21,1.981190477830064,2.463274653241627,3.787408212438185,MGroup,0
21,1.824493454673452,3.817985192272907,3.787408212438185,MoonHealth,0
22,2.971030044668832,1.073891959816642,6.631475601445956,Health,0
22,3.328375197747527,1.568255442572076,6.631475601445956,HCorp,0
22,1.965142988530803,2.406988189273862,6.631475601445956,SickInc,1
22,1.094621079886171,2.416546964429633,6.631475601445956,MGroup,0
22,1.330695136128179,3.160348310696449,6.631475601445956,MoonHealth,0
23,2.677356891946801,1.257232206782277,5.451506271133865,Health,0
23,2.527136779397454,1.516909641246918,5.451506271133865,HCorp,0
23,1.364983804516814,2.323824911931898,5.451506271133865,SickInc,1
23,.860553135052198,2.361131750087075,5.451506271133865,MGroup,0
23,1.29771546679613,2.424351194022388,5.451506271133865,MoonHealth,0
24,3.452917791068552,1.315609258575649,2.350319821353875,Health,0
24,2.102505201729124,1.916525037066804,2.350319821353875,HCorp,1
24,2.43013035600823,2.126711912884773,2.350319821353875,SickInc,0
24,1.540417503603519,2.41953948846826,2.350319821353875,MGroup,0
24,1.417800201648077,3.477313855030361,2.350319821353875,MoonHealth,0
25,3.139415974716542,.8813469374604936,4.008076438363398,Health,0
25,3.253881902162207,1.731083486774793,4.008076438363398,HCorp,0
25,1.984093267246247,2.015200433067878,4.008076438363398,SickInc,0
25,2.022223682249028,3.04618209297915,4.008076438363398,MGroup,0
25,.9157895280379291,3.209879663984287,4.008076438363398,MoonHealth,1
26,3.383104328400103,1.389714702043292,5.37800039551283,Health,0
26,2.083442462959513,1.743623999606989,5.37800039551283,HCorp,1
26,2.725977768878532,2.242552718429363,5.37800039551283,SickInc,0
26,1.747797084595788,2.457628610029636,5.37800039551283,MGroup,0
26,1.190566085200845,2.949553762703279,5.37800039551283,MoonHealth,0
27,3.033756406500046,.7838814938928798,6.07485486688188,Health,0
27,3.128378887271134,1.535916303051213,6.07485486688188,HCorp,0
27,.8392596358442446,1.132584562406866,6.07485486688188,SickInc,1
27,1.630127711297603,2.653183719976881,6.07485486688188,MGroup,0
27,1.698687767680743,3.195430733954775,6.07485486688188,MoonHealth,0
28,3.05698680249195,.8837112193378074,4.299612463186186,Health,0
28,1.575254043753925,.9843436360614679,4.299612463186186,HCorp,1
28,2.745443888917412,2.216124981941484,4.299612463186186,SickInc,0
28,1.278647690106036,2.437037526795261,4.299612463186186,MGroup,0
28,.9500690004550003,3.694481685795085,4.299612463186186,MoonHealth,0
29,3.320326794008505,.6013252663071353,5.654383240592143,Health,0
29,2.667361758920509,1.104964510224783,5.654383240592143,HCorp,0
29,2.215203698010944,2.184535233728323,5.654383240592143,SickInc,0
29,1.43741573774223,2.649012976482013,5.654383240592143,MGroup,1
29,1.531281969161688,2.942882961362781,5.654383240592143,MoonHealth,0
30,3.094468294458825,1.313808592645115,6.555976429268994,Health,0
30,2.579468101212633,1.311190163323078,6.555976429268994,HCorp,1
30,2.287134790780548,2.529575277599883,6.555976429268994,SickInc,0
30,1.667693871717149,1.934737012141665,6.555976429268994,MGroup,0
30,1.990909572967338,3.614461984778061,6.555976429268994,MoonHealth,0
31,3.280715466843949,.9269340498964187,3.539279636350607,Health,0
31,2.60737463580531,2.082522906044167,3.539279636350607,HCorp,0
31,2.066148675041269,2.061978705397801,3.539279636350607,SickInc,0
31,1.690287658427638,2.298469825045875,3.539279636350607,MGroup,1
31,1.053452799867532,2.886502896210362,3.539279636350607,MoonHealth,0
32,3.424034578057043,1.950973225928809,5.875582271201341,Health,0
32,3.076108831411508,1.45535837439246,5.875582271201341,HCorp,0
32,1.52665804052963,2.385010937112488,5.875582271201341,SickInc,1
32,1.83450403822511,2.330287246220111,5.875582271201341,MGroup,0
32,1.138223338724754,3.25614738375786,5.875582271201341,MoonHealth,0
33,4.123629757498922,1.142398716960619,3.729304645119751,Health,0
33,2.884811029304497,1.992029688796092,3.729304645119751,HCorp,0
33,2.631834048990703,2.357210561390355,3.729304645119751,SickInc,1
33,1.185550350853096,3.206167230855963,3.729304645119751,MGroup,0
33,1.476420708422596,3.228323335149865,3.729304645119751,MoonHealth,0
34,3.010875058159855,1.561940286993155,4.252008273111321,Health,0
34,2.502315617160556,1.391894817098921,4.252008273111321,HCorp,0
34,.9129239803604343,1.955217981296178,4.252008273111321,SickInc,1
34,2.208701477308259,2.835721168857796,4.252008273111321,MGroup,0
34,1.88794709624887,2.823598770290196,4.252008273111321,MoonHealth,0
35,3.215226563005349,.961123294941441,8.001689283000562,Health,0
35,2.521870390708575,2.416242554264984,8.001689283000562,HCorp,0
35,1.984467192069719,2.247427527821516,8.001689283000562,SickInc,0
35,.9300486637182126,2.947087248774952,8.001689283000562,MGroup,1
35,1.089416820935552,2.954526512791448,8.001689283000562,MoonHealth,0
36,3.232858612494349,.9522971566471272,4.266278390435335,Health,0
36,2.923212640100855,1.793862249051135,4.266278390435335,HCorp,0
36,1.886813600829323,1.849660557230919,4.266278390435335,SickInc,0
36,1.479615305353183,2.777661997077956,4.266278390435335,MGroup,1
36,1.424068099669762,3.118090327877627,4.266278390435335,MoonHealth,0
37,3.261731071328986,1.217006554717748,2.176838402898256,Health,0
37,3.421891179946275,1.740055618032071,2.176838402898256,HCorp,0
37,3.119696578602587,2.547162155907475,2.176838402898256,SickInc,0
37,1.198479835368734,2.930101519531633,2.176838402898256,MGroup,0
37,.2013867279038437,3.236983399562048,2.176838402898256,MoonHealth,1
38,4.149895081321613,1.006381208355637,4.500807726492186,Health,0
38,3.459930073566307,.9295704537167109,4.500807726492186,HCorp,0
38,2.056641454014525,2.59922297650417,4.500807726492186,SickInc,0
38,1.866735143464688,2.072262969656858,4.500807726492186,MGroup,1
38,1.156630992274395,3.337349689187082,4.500807726492186,MoonHealth,0
39,2.432113512473472,1.577194838296467,3.082093200544634,Health,1
39,2.455560800016247,1.557357051194422,3.082093200544634,HCorp,0
39,3.132727735951922,2.2175650268012,3.082093200544634,SickInc,0
39,1.498326973995963,2.990125035140966,3.082093200544634,MGroup,0
39,1.486171946746943,3.606239902841275,3.082093200544634,MoonHealth,0
40,3.645979797076913,1.165233180173736,7.089109156734654,Health,0
40,2.459917017226828,1.587565044853031,7.089109156734654,HCorp,1
40,2.394640951958404,1.874108554928566,7.089109156734654,SickInc,0
40,2.219457123128425,2.580522907493803,7.089109156734654,MGroup,0
40,1.733297364364531,3.478855779898629,7.089109156734654,MoonHealth,0
41,2.474894696597482,1.331260339559585,3.154668505987694,Health,1
41,2.379103411858683,1.504674198308012,3.154668505987694,HCorp,0
41,2.730946971841342,2.215811606440474,3.154668505987694,SickInc,0
41,2.707685326693029,2.866914071943199,3.154668505987694,MGroup,0
41,1.341516506559746,3.215692372933249,3.154668505987694,MoonHealth,0
42,4.045209962244284,1.325714832277366,4.979170670372409,Health,0
42,2.391137098690377,1.610447374265971,4.979170670372409,HCorp,1
42,2.409829339884382,2.126691351638502,4.979170670372409,SickInc,0
42,1.97647348241568,2.718071945602331,4.979170670372409,MGroup,0
42,1.042610037072759,3.155943244117966,4.979170670372409,MoonHealth,0
43,2.950317499390079,1.077614344295536,6.299551782845823,Health,0
43,2.642851942424389,2.080989738387694,6.299551782845823,HCorp,0
43,2.581034136149435,2.641320403494399,6.299551782845823,SickInc,0
43,1.526969065240855,2.255976730957014,6.299551782845823,MGroup,1
43,.3892698086024726,3.49956040173727,6.299551782845823,MoonHealth,0
44,2.690766268999795,1.047671802747733,6.426831365412202,Health,1
44,2.678893671281304,1.528135091045753,6.426831365412202,HCorp,0
44,2.367212538906276,1.741825334572865,6.426831365412202,SickInc,0
44,1.295918729538518,2.413612416329825,6.426831365412202,MGroup,0
44,1.552132034055067,2.968157613955308,6.426831365412202,MoonHealth,0
45,3.258790121094407,.7469026735168056,3.740457719203409,Health,0
45,2.403860392227789,1.604556205780431,3.740457719203409,HCorp,1
45,3.014468084053477,2.642418338790364,3.740457719203409,SickInc,0
45,2.914371575458616,2.68604172377695,3.740457719203409,MGroup,0
45,1.36430670276705,3.475523647053816,3.740457719203409,MoonHealth,0
46,2.833488479033885,1.25766123178056,4.567735454067113,Health,0
46,1.687760606715301,1.963825261175226,4.567735454067113,HCorp,0
46,1.701822491604931,2.282594853882644,4.567735454067113,SickInc,0
46,.7593435302149687,2.670799760596752,4.567735454067113,MGroup,1
46,1.637723478915626,3.374890188616439,4.567735454067113,MoonHealth,0
47,3.352212124980655,1.2159454802434,5.303828393158647,Health,0
47,2.804047241665623,1.855778909075029,5.303828393158647,HCorp,0
47,1.949201351006221,2.079035204622083,5.303828393158647,SickInc,1
47,2.301655621843229,2.959419907286964,5.303828393158647,MGroup,0
47,.6450479218057144,3.884925132275338,5.303828393158647,MoonHealth,0
48,3.869451112515451,1.345805143244129,6.773647629007241,Health,0
48,2.446583797877268,1.600839630849516,6.773647629007241,HCorp,1
48,2.719084729607058,2.340499483556745,6.773647629007241,SickInc,0
48,1.510975050957988,2.518244779814016,6.773647629007241,MGroup,0
48,1.566629201249229,2.647876102602764,6.773647629007241,MoonHealth,0
49,3.069970154311284,.9522208580833218,4.845773694168996,Health,0
49,2.209015657094636,1.364253356806491,4.845773694168996,HCorp,0
49,.9919299210382175,2.515685721397538,4.845773694168996,SickInc,1
49,1.50991768819705,2.792788241760651,4.845773694168996,MGroup,0
49,1.438508089561519,3.056489915353296,4.845773694168996,MoonHealth,0
50,3.518261269687275,1.249354749898414,5.120551153923321,Health,0
50,2.388311756557511,1.782647031354343,5.120551153923321,HCorp,0
50,2.223821168425718,2.350746284980993,5.120551153923321,SickInc,0
50,1.995067652548817,2.819809526892855,5.120551153923321,MGroup,0
50,.4519262435344729,2.919079350792487,5.120551153923321,MoonHealth,1
51,4.189332430083024,1.087223129262674,4.869308940324215,Health,0
51,2.89371755604266,1.581956217490861,4.869308940324215,HCorp,0
51,3.258700357429355,2.067513083790393,4.869308940324215,SickInc,0
51,1.688948181443697,3.064112114193738,4.869308940324215,MGroup,1
51,1.725054416428496,3.237466322369959,4.869308940324215,MoonHealth,0
52,3.685170055831972,1.622373686787434,0,Health,0
52,3.088416339741283,1.593425805514649,0,HCorp,0
52,3.04269787608828,1.972028704455726,0,SickInc,1
52,1.669832300775409,2.880243397644223,0,MGroup,0
52,1.69635273753329,3.434412408008744,0,MoonHealth,0
53,3.050808593110832,.7055050968164358,3.152782074199262,Health,0
53,1.862530237295011,1.623739954635201,3.152782074199262,HCorp,1
53,1.999704963702203,2.027817783782778,3.152782074199262,SickInc,0
53,2.600272587068769,3.171968937770398,3.152782074199262,MGroup,0
53,1.37069434509088,3.295729114591385,3.152782074199262,MoonHealth,0
54,2.884748203084073,1.895772599211025,3.99309178281222,Health,1
54,1.726938801238229,1.830397034366035,3.99309178281222,HCorp,0
54,1.605051324939426,2.505606430670532,3.99309178281222,SickInc,0
54,1.292861380561028,2.969588805802157,3.99309178281222,MGroup,0
54,.8852554539098723,2.76657936250422,3.99309178281222,MoonHealth,0
55,3.58411775940056,1.022211708034936,4.573666127490775,Health,0
55,2.67492884098932,1.675849723234567,4.573666127490775,HCorp,0
55,2.520153512634242,2.026421764765159,4.573666127490775,SickInc,0
55,2.143627401209296,2.255652476133455,4.573666127490775,MGroup,0
55,.6905825924553337,3.120350341842626,4.573666127490775,MoonHealth,1
56,3.329364175404478,1.377880382746267,6.476623094313137,Health,0
56,2.376387143569287,1.760884116144571,6.476623094313137,HCorp,1
56,2.820800374707555,2.064592950052188,6.476623094313137,SickInc,0
56,1.817708613537009,2.479170978754239,6.476623094313137,MGroup,0
56,1.891225148446902,3.118202175583392,6.476623094313137,MoonHealth,0
57,3.500775505061487,.8234611297850125,7.97227964191597,Health,1
57,2.716892059006616,1.962853537807767,7.97227964191597,HCorp,0
57,1.528307345656138,2.21059278369891,7.97227964191597,SickInc,0
57,1.191827848042343,2.966713986704481,7.97227964191597,MGroup,0
57,1.096064952064503,3.404496855541633,7.97227964191597,MoonHealth,0
58,3.615274622201571,1.645614115008157,7.624120496391344,Health,0
58,2.933785290115135,1.430080988827015,7.624120496391344,HCorp,0
58,1.947312283290831,3.215415937991441,7.624120496391344,SickInc,0
58,1.286790901051499,2.904425617675317,7.624120496391344,MGroup,1
58,1.276661781710867,3.18118245497145,7.624120496391344,MoonHealth,0
59,3.51677927214915,1.353825980577063,4.047611345359551,Health,0
59,2.105866054679674,1.496907291261093,4.047611345359551,HCorp,1
59,2.495997291224342,2.214196280611358,4.047611345359551,SickInc,0
59,1.653356138869108,2.186672185647434,4.047611345359551,MGroup,0
59,1.638500352683844,3.35565465822883,4.047611345359551,MoonHealth,0
60,4.065596396174383,1.441211227472571,5.708407454444817,Health,0
60,2.517608766931571,1.699692732879182,5.708407454444817,HCorp,0
60,3.012557185992553,2.33962670055448,5.708407454444817,SickInc,0
60,1.322586308916282,2.580333362850214,5.708407454444817,MGroup,1
60,1.356573407766445,3.966623476962457,5.708407454444817,MoonHealth,0
61,3.226351978025924,1.1106262069804,5.355171183804439,Health,1
61,3.349056370000756,2.017026728993359,5.355171183804439,HCorp,0
61,3.082525460733839,2.173269919275676,5.355171183804439,SickInc,0
61,1.886522901648495,3.165581913285086,5.355171183804439,MGroup,0
61,1.230999977009202,3.311813161926751,5.355171183804439,MoonHealth,0
62,3.274194446493869,1.186777817325899,4.123460664412925,Health,1
62,2.617169196086035,1.734502252300721,4.123460664412925,HCorp,0
62,2.285078992987945,1.89492140400448,4.123460664412925,SickInc,0
62,2.046808386369053,2.604612768328873,4.123460664412925,MGroup,0
62,1.512662769474495,3.164761506665556,4.123460664412925,MoonHealth,0
63,3.636723738977365,1.252600867218746,4.638889057918394,Health,0
63,2.391542701427194,1.91586280222245,4.638889057918394,HCorp,1
63,2.728211737150186,2.028812688276258,4.638889057918394,SickInc,0
63,2.327627164856994,2.943391400908544,4.638889057918394,MGroup,0
63,2.349896926013273,3.62433229660006,4.638889057918394,MoonHealth,0
64,3.456248745559688,.7452887566977853,6.031182694043316,Health,0
64,2.709569193539307,1.552338454179468,6.031182694043316,HCorp,1
64,2.628660687911834,2.288143946715989,6.031182694043316,SickInc,0
64,1.212004230642492,3.02361009150254,6.031182694043316,MGroup,0
64,1.382378015671804,2.937566119589745,6.031182694043316,MoonHealth,0
65,3.727950359666598,1.39454016571006,4.363136457209544,Health,0
65,2.835978444496827,1.602892249962212,4.363136457209544,HCorp,0
65,3.197494466968935,2.360443783691185,4.363136457209544,SickInc,0
65,1.664871708745908,2.457476302007346,4.363136457209544,MGroup,0
65,.3279725857346472,3.417094255763151,4.363136457209544,MoonHealth,1
66,3.62646029455042,1.40838512728084,6.305865551079966,Health,0
66,1.717745808583649,2.018194525040014,6.305865551079966,HCorp,1
66,2.680413620837718,2.202412280018943,6.305865551079966,SickInc,0
66,1.751348928804558,2.809990742782778,6.305865551079966,MGroup,0
66,1.211319455645016,3.569795786000602,6.305865551079966,MoonHealth,0
67,3.2911070474202,1.348168936528808,6.075181665998887,Health,0
67,2.071043698070062,1.142993022377454,6.075181665998887,HCorp,1
67,2.40245722395309,2.180860356015206,6.075181665998887,SickInc,0
67,1.807293127506104,3.051932343992422,6.075181665998887,MGroup,0
67,.2167744054043317,3.391538756444037,6.075181665998887,MoonHealth,0
68,2.546196424443039,1.056158462493341,6.08701818360014,Health,0
68,2.141786149973831,1.970377332017447,6.08701818360014,HCorp,0
68,1.736648543408895,2.597555452461802,6.08701818360014,SickInc,0
68,.7945657175778653,2.187641953294033,6.08701818360014,MGroup,1
68,1.291253535782937,2.889847097493362,6.08701818360014,MoonHealth,0
69,3.079115074184054,1.47968202649597,6.412451459612244,Health,1
69,2.576430518701812,1.797199005396941,6.412451459612244,HCorp,0
69,2.489501929076855,2.570917308871975,6.412451459612244,SickInc,0
69,1.440067414437704,2.843544928979778,6.412451459612244,MGroup,0
69,.9897355214030934,3.408012275059782,6.412451459612244,MoonHealth,0
70,3.334606534782779,1.621516502554507,2.94828095943218,Health,0
70,2.302639281633667,1.9557795560001,2.94828095943218,HCorp,1
70,2.821653931477915,2.400396960130852,2.94828095943218,SickInc,0
70,2.846543211950617,2.421269204065877,2.94828095943218,MGroup,0
70,1.867927971839285,2.955550083817976,2.94828095943218,MoonHealth,0
71,2.840085792669308,.9649243920063133,6.027152121300775,Health,1
71,2.140893766259657,1.818005227293224,6.027152121300775,HCorp,0
71,2.293068142716682,2.406478650383257,6.027152121300775,SickInc,0
71,1.862721500657893,2.542258944442999,6.027152121300775,MGroup,0
71,1.099501687875292,3.354821940218834,6.027152121300775,MoonHealth,0
72,3.830597748560334,1.440744864255206,6.491076536472289,Health,0
72,3.203379013378789,1.856424940097569,6.491076536472289,HCorp,0
72,3.271644474573163,2.18862185357115,6.491076536472289,SickInc,0
72,1.33626262782399,2.941371814346447,6.491076536472289,MGroup,0
72,.1805158459951088,3.478662509663472,6.491076536472289,MoonHealth,1
73,2.052952362558901,1.139214919835231,4.12377543243503,Health,1
73,3.218413749839504,1.780026504780206,4.12377543243503,HCorp,0
73,1.982639847673125,2.217372921905627,4.12377543243503,SickInc,0
73,1.923534570837227,2.846620325563108,4.12377543243503,MGroup,0
73,1.130316768478191,2.963265640858576,4.12377543243503,MoonHealth,0
74,3.187222398773932,1.012018058145883,3.985246449790462,Health,0
74,2.805256401987594,1.633024812519205,3.985246449790462,HCorp,0
74,2.71135286419366,2.336432611102775,3.985246449790462,SickInc,0
74,.6899570086650395,2.584961854540995,3.985246449790462,MGroup,1
74,.5867144440847509,3.702020010782183,3.985246449790462,MoonHealth,0
75,3.978554629806737,.8744940862249,6.349124191532319,Health,0
75,2.674739476493141,1.083962723476496,6.349124191532319,HCorp,0
75,1.947916981290824,1.680412112879366,6.349124191532319,SickInc,1
75,1.817767032576323,2.36538062823804,6.349124191532319,MGroup,0
75,1.466318857265569,3.505111599566029,6.349124191532319,MoonHealth,0
76,3.919728438227212,1.256400055536669,3.747411219861362,Health,0
76,2.852009448458022,1.6016160095807,3.747411219861362,HCorp,0
76,1.794357937089142,2.048582660264013,3.747411219861362,SickInc,0
76,2.470296787624832,2.849332238289638,3.747411219861362,MGroup,0
76,.5893517472716683,3.120254137680515,3.747411219861362,MoonHealth,1
77,3.277737964817861,1.088718345993352,4.207689229083441,Health,1
77,2.685795148096971,1.561914117729552,4.207689229083441,HCorp,0
77,2.701275667157642,2.180911214795469,4.207689229083441,SickInc,0
77,1.453801961717928,2.2831874444341,4.207689229083441,MGroup,0
77,2.212975673298331,2.924653140712266,4.207689229083441,MoonHealth,0
78,3.036117617526203,1.57094927152718,6.302975245373816,Health,0
78,2.510792110337254,1.606453330943927,6.302975245373816,HCorp,0
78,2.506509315383453,2.322851141650308,6.302975245373816,SickInc,0
78,2.138030953223775,2.539542511691926,6.302975245373816,MGroup,0
78,.899639567403145,2.817683674954703,6.302975245373816,MoonHealth,1
79,3.237034723638069,1.330197613761151,4.437001511843246,Health,0
79,2.150406490549094,1.765070502090538,4.437001511843246,HCorp,0
79,1.567617214444424,2.394079138107968,4.437001511843246,SickInc,0
79,1.702729428518285,2.311204395091904,4.437001511843246,MGroup,0
79,.7367752517738766,3.117962912286016,4.437001511843246,MoonHealth,1
80,2.944719545332009,1.416244765129515,6.790022805551528,Health,0
80,1.345393732118092,1.812197588268901,6.790022805551528,HCorp,1
80,2.750201476988206,2.413055465552644,6.790022805551528,SickInc,0
80,1.606966320296752,2.625364941415144,6.790022805551528,MGroup,0
80,.7462423856004579,2.329122630557813,6.790022805551528,MoonHealth,0
81,3.302004173739486,1.098245482724155,4.339672448636266,Health,0
81,2.920157732747291,1.671449195878944,4.339672448636266,HCorp,0
81,2.416653069405565,1.84538857757604,4.339672448636266,SickInc,0
81,1.737472125275934,2.343591723519739,4.339672448636266,MGroup,1
81,2.236189680565777,3.124382736034502,4.339672448636266,MoonHealth,0
82,3.221582598249121,.8327659432099639,3.928222891972427,Health,0
82,3.054351736049905,1.836422346023025,3.928222891972427,HCorp,0
82,2.955140034621555,1.907680134722254,3.928222891972427,SickInc,0
82,1.087325195776385,2.387171310681251,3.928222891972427,MGroup,1
82,1.085628632523759,3.222300098059582,3.928222891972427,MoonHealth,0
83,2.539742138666989,1.269701648683737,5.325613870524707,Health,0
83,3.308321715605985,1.145460986361169,5.325613870524707,HCorp,0
83,2.444620093037735,2.044081827200072,5.325613870524707,SickInc,0
83,2.602594269884323,2.739577059635309,5.325613870524707,MGroup,0
83,.899049626216855,2.989618820988526,5.325613870524707,MoonHealth,1
84,2.33308419743299,.7706349662511203,4.989072863817889,Health,0
84,3.080077116030343,1.825409822939587,4.989072863817889,HCorp,0
84,2.585513003538954,2.500046302094149,4.989072863817889,SickInc,0
84,1.958066704187412,2.688742674703335,4.989072863817889,MGroup,1
84,1.146264726515058,3.108438444768652,4.989072863817889,MoonHealth,0
85,2.941809464852195,1.11189119199047,3.764627185847691,Health,0
85,2.797188690385894,1.513983796520157,3.764627185847691,HCorp,0
85,1.499494718363083,2.108827171353397,3.764627185847691,SickInc,0
85,1.476945627021244,2.500014251613613,3.764627185847691,MGroup,0
85,.9457906402419789,3.155632892434087,3.764627185847691,MoonHealth,1
86,3.051480815886623,1.14020308661086,2.355282922019974,Health,0
86,2.992201774997425,1.347337933258032,2.355282922019974,HCorp,1
86,2.568110181839653,2.234484337523688,2.355282922019974,SickInc,0
86,2.298593951254954,3.26648796181318,2.355282922019974,MGroup,0
86,1.228045363773725,3.220501429117426,2.355282922019974,MoonHealth,0
87,3.804890921950166,1.233467278892667,5.534881468411466,Health,0
87,2.359485456479559,1.91175671946109,5.534881468411466,HCorp,1
87,2.488592058367801,2.245036466067033,5.534881468411466,SickInc,0
87,1.570363071628003,2.606537067783633,5.534881468411466,MGroup,0
87,1.501398836919283,2.89133084848696,5.534881468411466,MoonHealth,0
88,2.826872546655642,1.666489851552575,3.790410996065708,Health,0
88,3.52037009483806,2.041635157432799,3.790410996065708,HCorp,0
88,3.596834572749065,2.322427261655854,3.790410996065708,SickInc,0
88,1.528154975463239,2.40824599112293,3.790410996065708,MGroup,0
88,1.192794229053284,3.02494015060523,3.790410996065708,MoonHealth,1
89,3.211650699974058,1.454023429850088,5.767612339287646,Health,0
89,3.163735112490919,1.854612088209294,5.767612339287646,HCorp,0
89,2.140943511088095,1.711018756807472,5.767612339287646,SickInc,0
89,.7719578499733659,2.592460947419705,5.767612339287646,MGroup,1
89,2.426981854686214,2.646357988005938,5.767612339287646,MoonHealth,0
90,3.916111979833125,.8926818845849653,3.742377669234616,Health,0
90,2.684909530330129,1.876494285612048,3.742377669234616,HCorp,1
90,2.939700810238184,2.650038983505883,3.742377669234616,SickInc,0
90,1.569620247597847,2.688644411386472,3.742377669234616,MGroup,0
90,1.036440921733907,3.211509027433118,3.742377669234616,MoonHealth,0
91,2.381242219209758,1.144879881362727,1.827385814703284,Health,1
91,2.012565489857414,1.544829163719451,1.827385814703284,HCorp,0
91,2.464811032563803,2.327007553494125,1.827385814703284,SickInc,0
91,2.125194714758939,2.482281743644603,1.827385814703284,MGroup,0
91,1.459283654680076,3.773961633086733,1.827385814703284,MoonHealth,0
92,3.714771294938548,.8523612138525558,2.913984407208371,Health,0
92,3.073699814261335,1.269274778624135,2.913984407208371,HCorp,0
92,2.333405749197424,2.12374307965274,2.913984407208371,SickInc,0
92,1.153865660565406,2.878151123229523,2.913984407208371,MGroup,1
92,1.642729545159164,3.009993341931455,2.913984407208371,MoonHealth,0
93,3.216137682270757,.8560666931075076,6.004145464692505,Health,0
93,2.123452083333187,1.808498526539046,6.004145464692505,HCorp,1
93,2.081121733015614,2.195555297438983,6.004145464692505,SickInc,0
93,2.028867619368785,2.999283030191362,6.004145464692505,MGroup,0
93,1.466332951254991,3.116583528510417,6.004145464692505,MoonHealth,0
94,4.056977190000055,1.123912896253027,6.564082845802771,Health,0
94,2.375145264105477,1.66900027176578,6.564082845802771,HCorp,1
94,2.030057242979445,2.577648009291492,6.564082845802771,SickInc,0
94,1.368021037907374,2.800752149723171,6.564082845802771,MGroup,0
94,1.529040480487525,2.875482244841717,6.564082845802771,MoonHealth,0
95,2.268793057216477,1.301919350533992,4.325751316366355,Health,0
95,3.254869607645655,1.275215928592486,4.325751316366355,HCorp,0
95,2.436992179963206,1.694085439447604,4.325751316366355,SickInc,0
95,1.226373541307999,2.425128624730858,4.325751316366355,MGroup,1
95,1.224757731062396,3.280804059168093,4.325751316366355,MoonHealth,0
96,2.611776471688166,.5213766771183352,5.622767794710389,Health,0
96,1.710368844995856,1.09418148643665,5.622767794710389,HCorp,1
96,2.979631376501739,2.460565070542365,5.622767794710389,SickInc,0
96,1.642779009516422,2.51249051456448,5.622767794710389,MGroup,0
96,1.749191072663769,3.165321534438706,5.622767794710389,MoonHealth,0
97,3.351838242863262,1.290077243004283,5.975919126054038,Health,0
97,2.617434687463441,1.551979110786768,5.975919126054038,HCorp,0
97,2.155303744752744,2.225304964273748,5.975919126054038,SickInc,1
97,1.990650776549684,3.172628170994161,5.975919126054038,MGroup,0
97,2.002373916406082,3.268075932097139,5.975919126054038,MoonHealth,0
98,2.151273324829372,1.548096374501641,4.753138776404529,Health,0
98,2.487198782839418,2.202066838850543,4.753138776404529,HCorp,0
98,3.405023328970692,2.047148123861022,4.753138776404529,SickInc,0
98,2.441237826529881,2.491682191506239,4.753138776404529,MGroup,0
98,1.073217265047568,4.171036623796029,4.753138776404529,MoonHealth,1
99,3.351044762175091,1.192576540158588,5.993261021710117,Health,0
99,2.078151088541952,1.801314259739984,5.993261021710117,HCorp,1
99,2.931712181054775,2.06724670383609,5.993261021710117,SickInc,0
99,2.269218133265217,2.576429797785919,5.993261021710117,MGroup,0
99,1.765119891300058,3.162477714463944,5.993261021710117,MoonHealth,0
100,4.159705931909056,1.52565444837766,2.895288335089986,Health,0
100,2.599749349700006,1.822977654793261,2.895288335089986,HCorp,0
100,3.491612941420939,1.941919288328603,2.895288335089986,SickInc,0
100,1.949867287797096,2.233517759932469,2.895288335089986,MGroup,1
100,.990211090518099,3.526450366049617,2.895288335089986,MoonHealth,0
101,3.622659081426535,.9473998895470945,6.047256360134538,Health,1
101,3.203621387503932,1.622284203034611,6.047256360134538,HCorp,0
101,3.787984576828542,2.569478589152012,6.047256360134538,SickInc,0
101,1.703722546252431,2.197604250616247,6.047256360134538,MGroup,0
101,.9109365519095083,3.564330874224593,6.047256360134538,MoonHealth,0
102,3.067169630000205,1.427101005560106,4.109194107952754,Health,0
102,2.725987729744448,1.897560778838062,4.109194107952754,HCorp,0
102,2.085276597633443,1.849302400291218,4.109194107952754,SickInc,1
102,1.633387943054762,2.689221991050986,4.109194107952754,MGroup,0
102,1.479969465014775,3.073633113603385,4.109194107952754,MoonHealth,0
103,3.503468303790228,1.192731293221098,5.613555368825654,Health,0
103,2.710389126632279,2.148009690955385,5.613555368825654,HCorp,0
103,2.924986290684241,2.452734168948865,5.613555368825654,SickInc,0
103,1.304425892220067,2.394999154415074,5.613555368825654,MGroup,1
103,1.245487563369516,2.932972483099834,5.613555368825654,MoonHealth,0
104,3.325284733688437,1.137790419650049,4.611078535043169,Health,1
104,3.224289882608725,2.04423350894307,4.611078535043169,HCorp,0
104,2.194534882947289,2.522130842979391,4.611078535043169,SickInc,0
104,2.473994333311398,2.516974530664531,4.611078535043169,MGroup,0
104,1.05123460879862,3.325360953380911,4.611078535043169,MoonHealth,0
105,2.423479172734868,1.003606565173786,3.114915437301911,Health,1
105,2.84991258948306,1.787197897848475,3.114915437301911,HCorp,0
105,3.377910074655562,2.096877273840009,3.114915437301911,SickInc,0
105,1.587219337028429,2.927518045061109,3.114915437301911,MGroup,0
105,1.388960755700211,2.947755510932618,3.114915437301911,MoonHealth,0
106,3.543402901638218,1.169586071729442,7.35040712343374,Health,0
106,3.008564408923317,1.277076148954373,7.35040712343374,HCorp,1
106,1.731115372829504,2.42482860301607,7.35040712343374,SickInc,0
106,2.001873992613346,2.989672204124831,7.35040712343374,MGroup,0
106,1.446462743265369,3.849786924014691,7.35040712343374,MoonHealth,0
107,3.083890238359981,.3341679505091912,6.382238218579161,Health,0
107,2.481877657434609,1.761959234551716,6.382238218579161,HCorp,0
107,2.259498188249573,1.540431650285552,6.382238218579161,SickInc,0
107,1.143553370175852,3.063139523572039,6.382238218579161,MGroup,1
107,1.622319966117823,3.490427918489595,6.382238218579161,MoonHealth,0
108,3.907136424029607,1.65535708323953,6.455282103177502,Health,0
108,3.033280799641058,1.555035622989734,6.455282103177502,HCorp,0
108,3.280383924461582,1.884753111018728,6.455282103177502,SickInc,0
108,1.634697138907881,2.421497575903888,6.455282103177502,MGroup,1
108,1.870393779064581,3.342332784399797,6.455282103177502,MoonHealth,0
109,2.858512762277174,1.391934217731661,6.956943699680754,Health,1
109,2.07329340663487,1.223319751510481,6.956943699680754,HCorp,0
109,1.352057675627963,2.5637678245123,6.956943699680754,SickInc,0
109,1.260809505222405,2.473503217242146,6.956943699680754,MGroup,0
109,1.743526727899011,3.22301964538404,6.956943699680754,MoonHealth,0
110,2.417305401739522,1.193291948660123,3.069254061218361,Health,1
110,3.435882279958305,1.758025491604156,3.069254061218361,HCorp,0
110,3.313034923743579,1.9549811303449,3.069254061218361,SickInc,0
110,1.434489279779325,1.927842752991067,3.069254061218361,MGroup,0
110,.9146000903058802,2.584576091436897,3.069254061218361,MoonHealth,0
111,3.317793833068292,.5904654597741386,3.392733490064996,Health,0
111,2.601162126983999,1.390819897215347,3.392733490064996,HCorp,0
111,2.432106458086376,2.360475867940029,3.392733490064996,SickInc,0
111,1.66919143597051,3.034634890317422,3.392733490064996,MGroup,0
111,.8416024047503483,3.244062229515093,3.392733490064996,MoonHealth,1
112,3.844747904025487,1.238358578799886,6.376518892408289,Health,0
112,3.013166931943721,2.361345491228116,6.376518892408289,HCorp,0
112,1.654684412330131,3.225984694133801,6.376518892408289,SickInc,0
112,1.326024237089692,2.644111392643759,6.376518892408289,MGroup,1
112,1.115751853067785,3.015531593826779,6.376518892408289,MoonHealth,0
113,3.189653389332391,1.734085802557587,4.175538043502178,Health,0
113,2.162307454480477,1.62494465637345,4.175538043502178,HCorp,1
113,2.754744345023879,2.081366190509873,4.175538043502178,SickInc,0
113,1.707531711943991,1.874000472580635,4.175538043502178,MGroup,0
113,.8318437250710544,3.138952372060431,4.175538043502178,MoonHealth,0
114,3.155478891499596,1.955933986770376,1.708536922312678,Health,0
114,3.01437854648438,1.66855986499818,1.708536922312678,HCorp,0
114,2.731115441891307,2.374972084775745,1.708536922312678,SickInc,1
114,.7388163137601642,2.489628590385521,1.708536922312678,MGroup,0
114,2.16502775914849,3.564972792366453,1.708536922312678,MoonHealth,0
115,3.498086742975755,.6384798294465561,5.770542946605815,Health,0
115,2.732222146284537,1.757455204916584,5.770542946605815,HCorp,1
115,2.699112192253519,1.948417322479195,5.770542946605815,SickInc,0
115,1.557274593361209,2.628794057177691,5.770542946605815,MGroup,0
115,.9665891683952053,3.310724747411497,5.770542946605815,MoonHealth,0
116,2.616973293218668,1.151101561719088,6.565002099854477,Health,0
116,2.278269521733521,1.884050493413435,6.565002099854477,HCorp,1
116,2.553789037975708,1.570183752436891,6.565002099854477,SickInc,0
116,.796827522577835,3.127712908709268,6.565002099854477,MGroup,0
116,1.0130456433669,3.085787675039398,6.565002099854477,MoonHealth,0
117,3.419473023495803,1.021311764424063,7.093796621054818,Health,0
117,3.327783979637632,1.434917713329829,7.093796621054818,HCorp,0
117,2.854204148620828,1.947155014025816,7.093796621054818,SickInc,1
117,2.244680452502124,2.24567399473218,7.093796621054818,MGroup,0
117,1.681461704413909,3.458039498491444,7.093796621054818,MoonHealth,0
118,3.348334362963313,.8676477666881735,4.223507574612777,Health,1
118,3.63620650219289,2.065024975979294,4.223507574612777,HCorp,0
118,2.489164495726675,1.666043241637342,4.223507574612777,SickInc,0
118,2.708392537990265,2.22838955805322,4.223507574612777,MGroup,0
118,2.307869374467705,2.573670424785387,4.223507574612777,MoonHealth,0
119,2.716029030802378,1.442251684136561,5.216308207983902,Health,1
119,2.925895006705527,1.348291663631113,5.216308207983902,HCorp,0
119,2.506828346445643,1.967326656017823,5.216308207983902,SickInc,0
119,2.559560185279646,2.98241707851192,5.216308207983902,MGroup,0
119,1.562350961102951,2.837836271845237,5.216308207983902,MoonHealth,0
120,3.61452817115593,1.373344062194258,5.726050168421846,Health,0
120,2.885495131813444,1.487708846437944,5.726050168421846,HCorp,0
120,1.919007999214506,2.257067339720859,5.726050168421846,SickInc,1
120,1.514503504197706,2.999130002869326,5.726050168421846,MGroup,0
120,1.337414428207146,3.039150226159733,5.726050168421846,MoonHealth,0
121,3.720389024689601,1.545168472805355,4.901793748116297,Health,0
121,3.141337269745198,1.642417350949699,4.901793748116297,HCorp,1
121,3.421920013076828,1.956861195309474,4.901793748116297,SickInc,0
121,2.036448814228568,2.730082588979339,4.901793748116297,MGroup,0
121,2.050236375497297,2.889395010651046,4.901793748116297,MoonHealth,0
122,2.870815963729931,1.25709220494133,6.527718060983699,Health,1
122,3.165863086022986,1.609522493005634,6.527718060983699,HCorp,0
122,2.681027736035162,2.456540068568887,6.527718060983699,SickInc,0
122,1.231153806730185,2.633804819368596,6.527718060983699,MGroup,0
122,1.386510994867354,2.697441303605163,6.527718060983699,MoonHealth,0
123,2.922978899324335,1.449708280113725,5.391632573693554,Health,0
123,2.870960544199249,1.556213557236215,5.391632573693554,HCorp,0
123,2.155930176631379,2.339485071249638,5.391632573693554,SickInc,1
123,1.488953781275379,2.372352555499689,5.391632573693554,MGroup,0
123,.9505134917519063,2.78739256327552,5.391632573693554,MoonHealth,0
124,4.020334358836617,1.321733930235058,7.557158584166821,Health,0
124,2.085503667130987,1.736929656640956,7.557158584166821,HCorp,1
124,1.826476904160542,1.879587523462434,7.557158584166821,SickInc,0
124,1.858688788561197,2.505675289854258,7.557158584166821,MGroup,0
124,1.711031217950334,3.346419042568351,7.557158584166821,MoonHealth,0
125,3.981021151453924,1.363787729909217,5.06834881189074,Health,0
125,2.319157657844221,1.457184579113267,5.06834881189074,HCorp,0
125,2.642531237407335,2.865548528930697,5.06834881189074,SickInc,0
125,1.596337657548645,2.413118682293398,5.06834881189074,MGroup,0
125,1.053054760467044,3.525370229786201,5.06834881189074,MoonHealth,1
126,3.792870830696168,1.50852220950701,5.678223777066265,Health,0
126,3.203715648564957,1.909731385504272,5.678223777066265,HCorp,0
126,2.468972196137763,2.236228526239027,5.678223777066265,SickInc,1
126,1.394214480674924,2.400189808212405,5.678223777066265,MGroup,0
126,.1662348424836451,2.839167719847771,5.678223777066265,MoonHealth,0
127,2.990802055821299,.7119928490616894,7.166419290008143,Health,0
127,3.136518109224113,2.284488568025839,7.166419290008143,HCorp,0
127,1.892894301736897,1.975195106395716,7.166419290008143,SickInc,1
127,2.045326697632016,2.749571373716467,7.166419290008143,MGroup,0
127,2.037522656964425,3.738513967948768,7.166419290008143,MoonHealth,0
128,4.032375144132177,1.12728056422688,5.278071291774372,Health,0
128,2.916726016374096,1.789115813818742,5.278071291774372,HCorp,0
128,1.61009844716911,2.076216806139952,5.278071291774372,SickInc,1
128,1.295887844510481,2.661406228711832,5.278071291774372,MGroup,0
128,1.542899490226479,3.072411834313491,5.278071291774372,MoonHealth,0
129,3.345368819516204,1.582742108827682,7.288958626619598,Health,1
129,3.272431948192844,1.912640258701363,7.288958626619598,HCorp,0
129,2.512547650375485,1.990724973113092,7.288958626619598,SickInc,0
129,1.85116922454671,2.64843451256573,7.288958626619598,MGroup,0
129,.5156526579436944,2.810265993406947,7.288958626619598,MoonHealth,0
130,3.554947396597165,.8887601993433016,4.433050257003001,Health,0
130,2.885722508401434,1.525029789063063,4.433050257003001,HCorp,1
130,1.718993648912802,2.489485726141986,4.433050257003001,SickInc,0
130,1.276283016606741,2.762743829566519,4.433050257003001,MGroup,0
130,1.419846537556282,3.673113102815412,4.433050257003001,MoonHealth,0
131,3.429548216863576,1.623681487062317,4.37639357276511,Health,0
131,2.546533698904648,1.471525544495275,4.37639357276511,HCorp,0
131,2.841213430545679,1.929825774338952,4.37639357276511,SickInc,0
131,2.008432445822828,2.760346735075174,4.37639357276511,MGroup,0
131,.7904742636571038,2.888176985495469,4.37639357276511,MoonHealth,1
132,2.759017080933755,1.015186030843224,2.913010885388656,Health,1
132,2.861826664585361,1.688609682091872,2.913010885388656,HCorp,0
132,2.505374078344646,2.290151386404218,2.913010885388656,SickInc,0
132,1.066331460908738,3.107415742494531,2.913010885388656,MGroup,0
132,1.092536581841907,2.904187905786897,2.913010885388656,MoonHealth,0
133,3.055993008774657,1.334108593305923,3.739772252799962,Health,0
133,2.974931928399861,2.187790222131021,3.739772252799962,HCorp,0
133,2.471685654223418,1.891746375046228,3.739772252799962,SickInc,1
133,2.360128874520507,2.133895716355839,3.739772252799962,MGroup,0
133,1.339744744618056,3.453449921236599,3.739772252799962,MoonHealth,0
134,4.046719531595405,1.035975116832209,3.349111380378942,Health,0
134,2.04175365782719,1.839416700036652,3.349111380378942,HCorp,0
134,1.334908014305901,2.461359011448084,3.349111380378942,SickInc,1
134,1.285480374784136,2.716113406919649,3.349111380378942,MGroup,0
134,.9205532623116501,2.970369926823784,3.349111380378942,MoonHealth,0
135,3.612126203812624,1.470005967432993,3.148550402576809,Health,0
135,2.649984520572028,1.924561930919897,3.148550402576809,HCorp,1
135,2.464035921034211,2.275857418669628,3.148550402576809,SickInc,0
135,1.384938118462417,2.8294264507375,3.148550402576809,MGroup,0
135,1.843466907586527,3.431333878818036,3.148550402576809,MoonHealth,0
136,3.298767887433591,1.352713665434486,4.263062950876628,Health,0
136,2.702051634827226,1.521442141262174,4.263062950876628,HCorp,0
136,1.952526133177331,2.12027991632636,4.263062950876628,SickInc,0
136,1.292199521157346,2.405674105124718,4.263062950876628,MGroup,0
136,.5061307502843828,2.762546752791984,4.263062950876628,MoonHealth,1
137,3.309098797833705,1.414823337433438,3.605232222747131,Health,0
137,2.604716114064381,1.276147318891025,3.605232222747131,HCorp,0
137,2.402968481152949,1.923399603949586,3.605232222747131,SickInc,0
137,2.608659188027655,2.599265977894027,3.605232222747131,MGroup,0
137,1.682487158947972,2.918849451156353,3.605232222747131,MoonHealth,1
138,3.764144709257452,.8121676199325194,5.494948444495387,Health,0
138,2.731954211526221,1.508662008654553,5.494948444495387,HCorp,0
138,2.595708127437693,2.755324231402299,5.494948444495387,SickInc,0
138,1.818047026315135,2.426118287154303,5.494948444495387,MGroup,0
138,.5870882486806597,3.26324433401331,5.494948444495387,MoonHealth,1
139,2.799886546809246,1.086194943451394,3.55158461320586,Health,0
139,2.054971512727652,1.866423221704497,3.55158461320586,HCorp,0
139,2.07535576426756,1.515855488643748,3.55158461320586,SickInc,1
139,2.036231689892496,2.581180662128003,3.55158461320586,MGroup,0
139,1.23161855352381,2.91797413537723,3.55158461320586,MoonHealth,0
140,3.577563285275033,1.245741411630643,3.957508091516973,Health,0
140,3.287537620391729,1.874671972756886,3.957508091516973,HCorp,0
140,2.94462313304616,2.176266174715205,3.957508091516973,SickInc,0
140,1.25112284510727,2.720937238791581,3.957508091516973,MGroup,0
140,.8556012023305066,3.26651458551753,3.957508091516973,MoonHealth,1
141,2.966016291140637,1.129109821956946,4.280647805124543,Health,0
141,2.284166831549077,2.029982028885984,4.280647805124543,HCorp,0
141,2.833869615309556,1.763376232302297,4.280647805124543,SickInc,1
141,1.781834874200676,2.783140506874336,4.280647805124543,MGroup,0
141,2.196402007464872,3.34627292239337,4.280647805124543,MoonHealth,0
142,3.364197024400256,1.333740536844698,6.173327158671482,Health,0
142,3.20524848046949,1.134441734967125,6.173327158671482,HCorp,0
142,2.624461035416984,2.230108702116911,6.173327158671482,SickInc,1
142,2.275196585982617,2.775696172177246,6.173327158671482,MGroup,0
142,.9674798000438083,2.788414964926099,6.173327158671482,MoonHealth,0
143,3.915092887539967,1.102425214409094,5.419450589425864,Health,0
143,2.840782807011149,1.764904872660408,5.419450589425864,HCorp,0
143,2.739775449210345,1.858225068412246,5.419450589425864,SickInc,0
143,1.450659975818705,2.601488120888618,5.419450589425864,MGroup,1
143,.7063951707454808,3.028070362941294,5.419450589425864,MoonHealth,0
144,3.683603479109648,1.129683543173094,2.480956542218068,Health,0
144,3.388934587509012,1.222993902918198,2.480956542218068,HCorp,0
144,2.634739846374698,1.713303801513656,2.480956542218068,SickInc,0
144,1.617283729916527,2.566883648405045,2.480956542218068,MGroup,1
144,2.08296101371872,2.882550920120746,2.480956542218068,MoonHealth,0
145,3.242735140315041,1.179080539692138,3.407041585264518,Health,0
145,2.242988652062205,1.713773615885075,3.407041585264518,HCorp,1
145,2.456411992092707,2.757256382288746,3.407041585264518,SickInc,0
145,1.585941798780114,2.693939448880184,3.407041585264518,MGroup,0
145,1.174579029389797,3.256296866107938,3.407041585264518,MoonHealth,0
146,3.906456336456044,.9781303454814172,5.720506808614069,Health,0
146,2.993639242457824,1.32597423460465,5.720506808614069,HCorp,1
146,2.641044126136492,1.853805519504161,5.720506808614069,SickInc,0
146,2.261298089825976,2.469583313121142,5.720506808614069,MGroup,0
146,.7782967566692745,3.31021070311235,5.720506808614069,MoonHealth,0
147,3.682698401600915,.8412931737331133,4.124682810545695,Health,1
147,3.050828471872706,1.880272079254033,4.124682810545695,HCorp,0
147,2.89808341248352,2.01319902742843,4.124682810545695,SickInc,0
147,2.051565415118851,2.390752340057087,4.124682810545695,MGroup,0
147,1.391442988535179,3.372892487212572,4.124682810545695,MoonHealth,0
148,3.421338060652327,1.261190790722728,5.699805893509143,Health,0
148,2.005341145169389,1.739664005149028,5.699805893509143,HCorp,1
148,2.159172730471515,2.451528967480281,5.699805893509143,SickInc,0
148,1.506008546558666,2.883777660457285,5.699805893509143,MGroup,0
148,1.045595568032749,3.010532305912678,5.699805893509143,MoonHealth,0
149,3.932012607641238,1.329899837030302,6.277008280091772,Health,0
149,3.137261296780595,1.949576646979646,6.277008280091772,HCorp,0
149,2.312249196199283,1.681102534273035,6.277008280091772,SickInc,1
149,1.424188246584908,1.844854952414107,6.277008280091772,MGroup,0
149,1.933152996084986,3.558792937902158,6.277008280091772,MoonHealth,0
150,3.212319115602536,1.007252846760033,5.730624964833947,Health,1
150,3.340581779767443,2.24795306485096,5.730624964833947,HCorp,0
150,2.017704579060345,2.879737574787568,5.730624964833947,SickInc,0
150,2.124836916204426,3.035909901899757,5.730624964833947,MGroup,0
150,1.259851060538176,3.510064395902731,5.730624964833947,MoonHealth,0
151,2.927166833915091,1.109818670383129,2.976972185303601,Health,0
151,3.335232258736098,2.191695288312193,2.976972185303601,HCorp,0
151,2.054182463766343,2.179142858136897,2.976972185303601,SickInc,0
151,1.991040275644086,2.691149238234464,2.976972185303601,MGroup,1
151,1.834767984511379,2.796911062131637,2.976972185303601,MoonHealth,0
152,3.57477591707657,.881376629687153,6.158084998923107,Health,0
152,3.366815274240437,1.526984976277495,6.158084998923107,HCorp,0
152,2.247780794827584,2.193156541450754,6.158084998923107,SickInc,0
152,1.582551727435038,3.317380867549511,6.158084998923107,MGroup,1
152,1.402504284266209,3.100328141299186,6.158084998923107,MoonHealth,0
153,2.88390283351576,1.644299176175596,4.490786514495122,Health,0
153,2.957287318858405,1.889085832584661,4.490786514495122,HCorp,0
153,2.414171114989106,2.119557180410636,4.490786514495122,SickInc,1
153,1.798763854327188,2.431730640460452,4.490786514495122,MGroup,0
153,1.719253687827641,3.232725554334973,4.490786514495122,MoonHealth,0
154,3.59152659749315,1.364059057155672,5.288052653231788,Health,0
154,2.594714617904151,2.336290751942642,5.288052653231788,HCorp,1
154,2.439473794582534,2.3395648071198,5.288052653231788,SickInc,0
154,2.024703652206935,3.13754728379687,5.288052653231788,MGroup,0
154,1.159907452440185,3.520795668078764,5.288052653231788,MoonHealth,0
155,3.606799772827804,1.598724414996728,2.542430614744944,Health,0
155,2.745280425962501,1.235506351650541,2.542430614744944,HCorp,0
155,1.827744054541124,2.104362997471184,2.542430614744944,SickInc,1
155,2.002820970277852,2.99912003226901,2.542430614744944,MGroup,0
155,.9352225394029012,3.25095638046914,2.542430614744944,MoonHealth,0
156,3.130325729722195,.8046097306213906,3.096796031633738,Health,1
156,2.823668680157736,1.965886998810508,3.096796031633738,HCorp,0
156,3.032045353590687,2.495365123497474,3.096796031633738,SickInc,0
156,1.631771020341644,2.505393971763425,3.096796031633738,MGroup,0
156,1.180384518726517,3.427584839765888,3.096796031633738,MoonHealth,0
157,4.02698421656833,1.006233454001714,7.204961153802563,Health,1
157,2.967352515275389,1.999795970320566,7.204961153802563,HCorp,0
157,2.39598076718107,2.399497240462093,7.204961153802563,SickInc,0
157,2.474485122572509,2.382633836354577,7.204961153802563,MGroup,0
157,1.586071609512209,3.505358568617262,7.204961153802563,MoonHealth,0
158,3.775850031928355,1.49309238463705,5.232220551051916,Health,1
158,3.319334028915311,1.656634946163952,5.232220551051916,HCorp,0
158,2.384981334806261,2.389464848343888,5.232220551051916,SickInc,0
158,1.68218367384567,2.49529944372152,5.232220551051916,MGroup,0
158,1.762854952893729,2.959668418424136,5.232220551051916,MoonHealth,0
159,3.250238845729736,1.291508343841608,4.556410954558961,Health,0
159,3.737380324049057,1.509652011276472,4.556410954558961,HCorp,0
159,2.288967308117776,2.477806852670829,4.556410954558961,SickInc,0
159,1.770061643925996,2.125524419339022,4.556410954558961,MGroup,0
159,.0568171523367438,2.93924100455224,4.556410954558961,MoonHealth,1
160,3.6353128433793,1.465031783207895,4.154694351270594,Health,0
160,2.993470632510708,1.469915985892154,4.154694351270594,HCorp,0
160,1.775236032296976,2.278853230704977,4.154694351270594,SickInc,1
160,.8691642241192534,2.200976682201993,4.154694351270594,MGroup,0
160,1.228768188842097,2.779252760838234,4.154694351270594,MoonHealth,0
161,3.683929410500456,.9633650114428529,6.069543482358639,Health,1
161,2.886623188520723,1.654754534218993,6.069543482358639,HCorp,0
161,2.198762838401365,2.046991383231176,6.069543482358639,SickInc,0
161,1.781399521855753,2.7929890544193,6.069543482358639,MGroup,0
161,.7316506795559423,3.302948415296759,6.069543482358639,MoonHealth,0
162,3.584464765025575,.80935493607207,3.643430280153158,Health,0
162,3.726200826995568,1.867189898521487,3.643430280153158,HCorp,0
162,1.66469401162331,2.253155261992859,3.643430280153158,SickInc,1
162,2.120051039931711,2.714885280289088,3.643430280153158,MGroup,0
162,2.094569614574483,3.585002490982316,3.643430280153158,MoonHealth,0
163,4.331057535386535,1.103245054762328,5.91234737656958,Health,0
163,1.762861004058109,1.413257954756861,5.91234737656958,HCorp,1
163,1.793481522547214,2.340391511954347,5.91234737656958,SickInc,0
163,1.65531586190616,2.285356574026622,5.91234737656958,MGroup,0
163,1.071474241467132,2.786737807705073,5.91234737656958,MoonHealth,0
164,3.813949318291234,1.199327039443838,6.697671555877282,Health,0
164,3.1794768672742,1.632483784135145,6.697671555877282,HCorp,0
164,3.359365208889011,2.344703841838252,6.697671555877282,SickInc,0
164,1.734548828770576,2.943151574310773,6.697671555877282,MGroup,1
164,1.643576554131634,3.033703835194735,6.697671555877282,MoonHealth,0
165,4.053907642533639,1.221610590111254,7.55021648717549,Health,0
165,2.588666971726745,1.925574443987683,7.55021648717549,HCorp,1
165,2.04741298862928,2.160479825927371,7.55021648717549,SickInc,0
165,2.694735295496367,2.5723438390497,7.55021648717549,MGroup,0
165,2.052144159669361,3.251544871116807,7.55021648717549,MoonHealth,0
166,3.173371739141873,.8961855272607469,3.474938685743579,Health,0
166,2.499898242363662,1.543150921637122,3.474938685743579,HCorp,0
166,2.060290749131682,2.158016841063413,3.474938685743579,SickInc,1
166,2.786679501451989,3.00899104521228,3.474938685743579,MGroup,0
166,2.293852593914071,3.756603723155944,3.474938685743579,MoonHealth,0
167,3.680661799279549,1.132128946833725,4.862481025728701,Health,0
167,2.787172909664612,2.285148582318795,4.862481025728701,HCorp,0
167,1.928892760363955,2.877672176129093,4.862481025728701,SickInc,0
167,1.303878680833735,2.772147829360976,4.862481025728701,MGroup,1
167,2.717053161727101,4.046784436804341,4.862481025728701,MoonHealth,0
168,2.671672218729324,1.269441198110969,4.780801842981653,Health,1
168,3.64090832374983,1.720458757905475,4.780801842981653,HCorp,0
168,1.946721381991917,2.480469690532958,4.780801842981653,SickInc,0
168,1.049313107427885,2.542892767003244,4.780801842981653,MGroup,0
168,1.810979230899981,3.009168127408529,4.780801842981653,MoonHealth,0
169,3.153524988018989,1.335057326471371,4.712376773121217,Health,0
169,3.257875684423994,2.042614305945932,4.712376773121217,HCorp,1
169,2.428281045203415,2.160637707678119,4.712376773121217,SickInc,0
169,2.205793373044121,2.345447634621665,4.712376773121217,MGroup,0
169,1.325626387676764,2.946182502060275,4.712376773121217,MoonHealth,0
170,3.410508533248807,1.212899193515842,5.370872702219258,Health,0
170,3.12730762488607,1.7912325990247,5.370872702219258,HCorp,0
170,1.659295762655007,2.196134092581003,5.370872702219258,SickInc,1
170,1.300528911189677,2.36065889012719,5.370872702219258,MGroup,0
170,1.34318586723908,3.575369026315438,5.370872702219258,MoonHealth,0
171,2.911350385859055,1.344418476789447,6.63229004288188,Health,1
171,3.883287621921788,1.454711874877617,6.63229004288188,HCorp,0
171,2.106940160716451,1.910950433376813,6.63229004288188,SickInc,0
171,2.274563595165465,2.569177405719408,6.63229004288188,MGroup,0
171,1.992200702144416,3.694319160234229,6.63229004288188,MoonHealth,0
172,4.162503554484049,1.340885808439481,5.88009343481753,Health,0
172,2.750913853151785,1.337203511218387,5.88009343481753,HCorp,0
172,1.371672484743004,2.283308545441403,5.88009343481753,SickInc,1
172,1.905248239080507,3.142741886837661,5.88009343481753,MGroup,0
172,1.673016418597643,2.732584252180512,5.88009343481753,MoonHealth,0
173,3.864034825731286,.8837595672840195,5.159473605194619,Health,0
173,2.54882304812462,2.199545999891504,5.159473605194619,HCorp,0
173,2.297084809281746,2.274022047477833,5.159473605194619,SickInc,0
173,2.378483144292211,2.485942407834578,5.159473605194619,MGroup,0
173,.7860282543194377,3.380464441940474,5.159473605194619,MoonHealth,1
174,3.550489489386505,1.494488580287023,3.172440203796146,Health,0
174,2.75472049958202,1.670725547149367,3.172440203796146,HCorp,0
174,2.064763689544431,2.429130724875667,3.172440203796146,SickInc,0
174,1.014659362416656,2.579765339124881,3.172440203796146,MGroup,0
174,.8113934173972399,2.819184674503894,3.172440203796146,MoonHealth,1
175,3.540456802041227,1.357060662659207,7.807377088470806,Health,0
175,2.638461748503414,1.072349009333965,7.807377088470806,HCorp,0
175,2.196145309421031,2.247667288266441,7.807377088470806,SickInc,1
175,2.284611301732167,2.221727881793942,7.807377088470806,MGroup,0
175,1.923123659144324,2.991173086405165,7.807377088470806,MoonHealth,0
176,3.519115062898006,1.304005537436075,3.217643723176618,Health,0
176,2.460412991847526,1.470923455580597,3.217643723176618,HCorp,1
176,3.234854481709919,2.063689064708632,3.217643723176618,SickInc,0
176,2.579890164612856,2.816705007753655,3.217643723176618,MGroup,0
176,.9913598860958175,3.468888186276074,3.217643723176618,MoonHealth,0
177,3.445860965622615,1.271209959694167,5.036006253737069,Health,0
177,2.641163709199433,1.302007626935548,5.036006253737069,HCorp,0
177,1.934840941298535,2.221185798530829,5.036006253737069,SickInc,1
177,1.835246656984692,3.001836598373949,5.036006253737069,MGroup,0
177,1.068839144566215,3.192834228660703,5.036006253737069,MoonHealth,0
178,2.528276423154824,1.422243740704024,5.141143199382033,Health,0
178,2.622596250037562,1.578288218096712,5.141143199382033,HCorp,1
178,1.856596158390891,2.263497312300381,5.141143199382033,SickInc,0
178,1.79219642706497,2.888030180695802,5.141143199382033,MGroup,0
178,1.433088280774459,3.503175561069994,5.141143199382033,MoonHealth,0
179,3.559209301205271,1.762357349089869,3.189173472349929,Health,0
179,1.894160325427806,1.40136765673176,3.189173472349929,HCorp,1
179,2.576592656293141,1.846576179713205,3.189173472349929,SickInc,0
179,1.823733510424642,2.535078507468117,3.189173472349929,MGroup,0
179,1.448055611631566,3.354830016643965,3.189173472349929,MoonHealth,0
180,2.727535827679449,1.299247824364171,5.064176532224095,Health,1
180,3.061070304353609,1.816226132228419,5.064176532224095,HCorp,0
180,2.79920213337935,1.62899712014446,5.064176532224095,SickInc,0
180,.8701906463527682,2.671457261473937,5.064176532224095,MGroup,0
180,1.83388757557538,2.911857402376538,5.064176532224095,MoonHealth,0
181,3.045018146198222,1.06216886469381,4.082437839749912,Health,0
181,3.118037656253717,1.951043158480449,4.082437839749912,HCorp,0
181,2.648042448851374,2.56470751596461,4.082437839749912,SickInc,1
181,2.137545013064211,2.644931654434697,4.082437839749912,MGroup,0
181,1.298643159446754,3.264371808242312,4.082437839749912,MoonHealth,0
182,2.632364745285579,1.162442509312061,4.924991469647281,Health,1
182,3.02577446686417,1.854395816363392,4.924991469647281,HCorp,0
182,2.987359808360043,1.622362267886258,4.924991469647281,SickInc,0
182,1.485422507840044,2.647298515856597,4.924991469647281,MGroup,0
182,.691610007503465,3.139963136059631,4.924991469647281,MoonHealth,0
183,2.752466944661276,.943623536541442,6.384347254982242,Health,1
183,2.341770604135462,1.464778457173835,6.384347254982242,HCorp,0
183,2.21925896820783,2.145815533479305,6.384347254982242,SickInc,0
183,1.890043430356219,1.952967108467816,6.384347254982242,MGroup,0
183,1.105248583483649,2.817883525757924,6.384347254982242,MoonHealth,0
184,3.364900687879677,1.315378166624432,8.048658610724946,Health,1
184,3.213011710088944,2.552595997859745,8.048658610724946,HCorp,0
184,2.443426432158988,2.557101870288321,8.048658610724946,SickInc,0
184,2.251982966207676,2.978548981787709,8.048658610724946,MGroup,0
184,1.403829985701671,3.393301272125353,8.048658610724946,MoonHealth,0
185,3.654380576849715,1.183889587506512,5.980704741813001,Health,0
185,3.680291053458447,1.574678028453475,5.980704741813001,HCorp,0
185,1.899500225386083,1.912633389652916,5.980704741813001,SickInc,1
185,2.276804933637424,2.546103560680233,5.980704741813001,MGroup,0
185,1.026504573537864,3.411748303984152,5.980704741813001,MoonHealth,0
186,3.068290052342178,1.138351385851931,2.193713743296256,Health,0
186,2.858024193474915,1.41780549784658,2.193713743296256,HCorp,0
186,2.083093579706337,2.704718415073177,2.193713743296256,SickInc,1
186,2.143348571062076,2.847736875148736,2.193713743296256,MGroup,0
186,1.451312443620208,3.059763167607031,2.193713743296256,MoonHealth,0
187,3.861690321220269,.9619132541929703,5.740321016574536,Health,0
187,3.136303511853382,1.504447575299399,5.740321016574536,HCorp,0
187,2.885732240454862,2.477467041488789,5.740321016574536,SickInc,0
187,2.640667659463146,2.49349137082953,5.740321016574536,MGroup,0
187,1.626006517349438,2.901512163870037,5.740321016574536,MoonHealth,1
188,3.629240735441363,1.250465314903406,6.1557635905127,Health,1
188,2.72012711257082,1.521874951309371,6.1557635905127,HCorp,0
188,2.415368037964325,2.353096698110066,6.1557635905127,SickInc,0
188,1.50644439693346,2.579966510485046,6.1557635905127,MGroup,0
188,1.951557385281352,3.049146596073871,6.1557635905127,MoonHealth,0
189,2.943225897202733,1.537162300007694,5.874470286538594,Health,0
189,2.514851493611021,1.878730683600019,5.874470286538594,HCorp,0
189,1.741639070434613,2.17964953908984,5.874470286538594,SickInc,1
189,.7803502142327412,2.739999594837831,5.874470286538594,MGroup,0
189,1.56821379002087,3.312803032705111,5.874470286538594,MoonHealth,0
190,4.269729425921696,1.432213700385155,6.642645993825445,Health,0
190,2.644626183591901,1.667487352060779,6.642645993825445,HCorp,1
190,2.156209406579188,2.273225658510293,6.642645993825445,SickInc,0
190,1.300960473306222,2.785274577120779,6.642645993825445,MGroup,0
190,.7360136781846496,3.770045975336095,6.642645993825445,MoonHealth,0
191,2.662180909367179,1.21242794600775,5.285892383081415,Health,0
191,3.504831312548012,1.854027963726959,5.285892383081415,HCorp,0
191,3.525709792532315,1.999251313208732,5.285892383081415,SickInc,0
191,1.172257115283541,2.135168481715173,5.285892383081415,MGroup,1
191,1.635170197158094,3.091509327637083,5.285892383081415,MoonHealth,0
192,2.963676326202212,1.513959754428577,3.503777137589708,Health,0
192,2.842236505298777,1.567389227875927,3.503777137589708,HCorp,0
192,1.243874422388344,2.220545250638969,3.503777137589708,SickInc,0
192,1.593515868809553,2.372177008728621,3.503777137589708,MGroup,1
192,1.578599540440036,3.43821670387926,3.503777137589708,MoonHealth,0
193,3.319399928635684,1.37092493673329,6.526359239244075,Health,1
193,3.041909013221135,1.349499619942293,6.526359239244075,HCorp,0
193,1.815330106446705,2.289711521262048,6.526359239244075,SickInc,0
193,2.379458384780575,2.524475232457089,6.526359239244075,MGroup,0
193,.6308107886797061,3.069569483581669,6.526359239244075,MoonHealth,0
194,3.264434562572222,1.405597136218123,4.689382008543269,Health,0
194,2.912510831061652,1.393329042717808,4.689382008543269,HCorp,1
194,2.879592203684785,2.408030831114161,4.689382008543269,SickInc,0
194,1.88443603534606,2.804387405299857,4.689382008543269,MGroup,0
194,.8310034843003391,3.373810297732229,4.689382008543269,MoonHealth,0
195,3.682778713640318,1.391061934097333,3.140731449769244,Health,0
195,2.236461958489536,1.958705643328156,3.140731449769244,HCorp,0
195,1.826469011592134,1.984701735757363,3.140731449769244,SickInc,0
195,1.610502680707746,2.602071307232319,3.140731449769244,MGroup,1
195,.4611433850099227,2.82650805896633,3.140731449769244,MoonHealth,0
196,3.31224601976554,.4105319280124604,8.337806921254455,Health,1
196,2.565943922681773,1.727992097288235,8.337806921254455,HCorp,0
196,2.236668253524395,1.906445348824532,8.337806921254455,SickInc,0
196,2.406226112751197,3.191420725253181,8.337806921254455,MGroup,0
196,.8044728965449501,3.407509121722405,8.337806921254455,MoonHealth,0
197,4.31984608931767,1.675565142881324,3.564448537682935,Health,0
197,2.897583275162068,1.516001558559934,3.564448537682935,HCorp,0
197,2.467556558268073,2.51396331226228,3.564448537682935,SickInc,1
197,2.000015648608622,2.254636889039783,3.564448537682935,MGroup,0
197,2.039343603909999,3.653525306124849,3.564448537682935,MoonHealth,0
198,3.856509555879552,1.259751489197465,2.777835701359658,Health,0
198,2.966261518108556,1.693625305887464,2.777835701359658,HCorp,0
198,1.826413715923676,2.321447854737369,2.777835701359658,SickInc,0
198,1.316188992399394,3.006685706495253,2.777835701359658,MGroup,1
198,.9157935630609611,3.068318123515479,2.777835701359658,MoonHealth,0
199,3.349593349938962,1.350740253552844,3.906410612109999,Health,0
199,2.310382495746039,1.756986911910273,3.906410612109999,HCorp,1
199,2.161205434536059,2.053603477015785,3.906410612109999,SickInc,0
199,1.869330992531608,2.455970311489783,3.906410612109999,MGroup,0
199,1.356054462462147,2.741353605568031,3.906410612109999,MoonHealth,0
200,2.607107099891968,1.103235862406726,5.374370071482572,Health,0
200,2.466502000235073,2.04143756256497,5.374370071482572,HCorp,1
200,2.307434477427672,2.32801440245435,5.374370071482572,SickInc,0
200,1.473957897822292,2.545648648981885,5.374370071482572,MGroup,0
200,1.085509447814616,3.307784414746195,5.374370071482572,MoonHealth,0
201,4.232065075811327,1.284710629267399,4.252739320236801,Health,0
201,3.437887875348018,1.745923339171197,4.252739320236801,HCorp,1
201,1.855178072752825,2.012009798199403,4.252739320236801,SickInc,0
201,2.315623153506802,2.798311140146113,4.252739320236801,MGroup,0
201,2.211892336643953,3.390216054757289,4.252739320236801,MoonHealth,0
202,3.556394744876112,1.607057941302903,3.240693437108718,Health,0
202,3.174730320477758,1.92126832393079,3.240693437108718,HCorp,0
202,1.914087913187959,2.288005541847568,3.240693437108718,SickInc,0
202,1.648747365796045,2.478432174765402,3.240693437108718,MGroup,1
202,2.017637434344059,2.602237365509202,3.240693437108718,MoonHealth,0
203,3.997902225375276,1.13114518319515,2.964271993823203,Health,0
203,3.44639379732704,2.257533912648094,2.964271993823203,HCorp,1
203,2.287830840675782,2.359266832933223,2.964271993823203,SickInc,0
203,1.861568408173714,2.895421600071305,2.964271993823203,MGroup,0
203,1.587406476395565,3.109616226528016,2.964271993823203,MoonHealth,0
204,4.133795424211734,.741493257362432,3.289791426325317,Health,0
204,1.884940303281012,1.537108684847007,3.289791426325317,HCorp,0
204,2.036322303611726,2.256087484623203,3.289791426325317,SickInc,0
204,.9351985231359121,2.968586525373161,3.289791426325317,MGroup,1
204,1.159873152013405,3.02862690513217,3.289791426325317,MoonHealth,0
205,2.705815960716513,1.396680376676551,7.431843762282436,Health,0
205,3.453763826099716,1.509789748247081,7.431843762282436,HCorp,0
205,1.411021319846767,1.881861409855979,7.431843762282436,SickInc,1
205,1.665284396377914,2.342237958293501,7.431843762282436,MGroup,0
205,1.360315935078573,3.341804543942805,7.431843762282436,MoonHealth,0
206,3.331038779380021,1.715240124569969,4.004683963145382,Health,0
206,2.323075365084072,1.701129181737012,4.004683963145382,HCorp,1
206,2.163066150643696,2.482781510414108,4.004683963145382,SickInc,0
206,1.869333771999024,2.673497573945611,4.004683963145382,MGroup,0
206,.6015683285545439,3.310726924454382,4.004683963145382,MoonHealth,0
207,3.312516972157894,1.036166990800697,4.079852665618359,Health,0
207,2.964709783639389,1.960391661672294,4.079852665618359,HCorp,0
207,2.483620965291266,2.208381367268549,4.079852665618359,SickInc,0
207,.811504625311273,3.039973099852316,4.079852665618359,MGroup,1
207,1.605054286853271,2.700887721651208,4.079852665618359,MoonHealth,0
208,2.719385744876441,1.141891019306408,3.858834013889265,Health,1
208,2.668753102236317,1.986820079240621,3.858834013889265,HCorp,0
208,2.487272278327755,2.194435148510258,3.858834013889265,SickInc,0
208,2.16521557174925,2.607458080924586,3.858834013889265,MGroup,0
208,1.957610929950088,3.665337723125507,3.858834013889265,MoonHealth,0
209,3.497171275863828,1.584681386040933,5.664771697216205,Health,0
209,3.21286900018206,1.699618772130703,5.664771697216205,HCorp,0
209,2.791368013450354,2.465943962850445,5.664771697216205,SickInc,0
209,1.321963966036215,2.889695978048174,5.664771697216205,MGroup,0
209,1.59863093918687,3.62333066097405,5.664771697216205,MoonHealth,1
210,3.95456978885191,1.179080083008876,3.981811890068845,Health,0
210,2.119837662796305,1.396951219285255,3.981811890068845,HCorp,1
210,2.234317540936427,2.359555831634398,3.981811890068845,SickInc,0
210,1.814834684163505,3.100145275670569,3.981811890068845,MGroup,0
210,.895199017390603,3.050924714742958,3.981811890068845,MoonHealth,0
211,3.324148174414928,1.145105324217414,3.378140711804622,Health,0
211,2.466011444054791,1.2236521923088,3.378140711804622,HCorp,0
211,2.526743743763335,2.726663495467645,3.378140711804622,SickInc,0
211,1.813740129640572,2.856989850097566,3.378140711804622,MGroup,0
211,.0671172126989199,3.54107747487521,3.378140711804622,MoonHealth,1
212,2.839844717501427,1.043132384747225,5.36861290855027,Health,0
212,2.55390126212163,2.020522286688112,5.36861290855027,HCorp,0
212,2.425866067561068,1.952035532037719,5.36861290855027,SickInc,0
212,2.287036508616373,2.599576718791102,5.36861290855027,MGroup,0
212,.788151704564106,3.069387565170207,5.36861290855027,MoonHealth,1
213,3.320902392143623,1.809073387033787,4.436915331105542,Health,0
213,2.151818143083326,1.703896635038001,4.436915331105542,HCorp,0
213,1.617156845998646,2.40049250020653,4.436915331105542,SickInc,0
213,1.313470882943314,2.755957478101466,4.436915331105542,MGroup,1
213,1.700272675140615,3.241729200892427,4.436915331105542,MoonHealth,0
214,2.869727273292459,1.30305492758423,5.271702316482991,Health,0
214,2.026893840719129,1.776018902165593,5.271702316482991,HCorp,0
214,.9443424655022228,2.19938730613625,5.271702316482991,SickInc,1
214,2.294213793135111,3.123211377264729,5.271702316482991,MGroup,0
214,1.586479684065802,3.146448532092469,5.271702316482991,MoonHealth,0
215,4.34827269460184,.9663624342257708,4.384348540644075,Health,0
215,4.144901243680832,1.389903214714249,4.384348540644075,HCorp,0
215,2.663239507760878,2.191343339596855,4.384348540644075,SickInc,1
215,2.220207846958109,3.036642393222645,4.384348540644075,MGroup,0
215,.659474641473359,2.936218934721472,4.384348540644075,MoonHealth,0
216,3.977208532288818,1.12092819416195,5.844496821902789,Health,0
216,3.226085136936311,1.415836268343681,5.844496821902789,HCorp,0
216,2.006344938212869,2.190209620177438,5.844496821902789,SickInc,1
216,2.438424178178591,2.63900682343054,5.844496821902789,MGroup,0
216,1.80672364514164,3.211444806745506,5.844496821902789,MoonHealth,0
217,3.18732962639575,1.397546038036599,5.952531696579898,Health,0
217,3.208996404821324,1.544712848717663,5.952531696579898,HCorp,0
217,2.21907206045152,2.271577335319166,5.952531696579898,SickInc,1
217,1.805310695894144,2.4237545871517,5.952531696579898,MGroup,0
217,1.543690065534536,2.848041508723721,5.952531696579898,MoonHealth,0
218,3.126768594592733,1.392652087167273,7.118714291397646,Health,0
218,2.496428741762056,1.57668320042,7.118714291397646,HCorp,0
218,2.200549557840111,1.971005947832452,7.118714291397646,SickInc,0
218,1.963801497852297,2.658529773514636,7.118714291397646,MGroup,0
218,.9390085980885237,2.475688580268024,7.118714291397646,MoonHealth,1
219,2.994761127764679,1.940345931208974,4.578715390640463,Health,0
219,2.400642075878287,1.971645979531344,4.578715390640463,HCorp,0
219,1.409551101419343,2.04844102157334,4.578715390640463,SickInc,1
219,2.690862133709538,2.337401278446742,4.578715390640463,MGroup,0
219,.6672843930375085,3.19102996577272,4.578715390640463,MoonHealth,0
220,3.184295858247981,.8757448477224361,3.893470679667006,Health,1
220,2.7149103668922,1.412368046148559,3.893470679667006,HCorp,0
220,2.435257777520453,2.140165747165364,3.893470679667006,SickInc,0
220,1.990743177929232,2.630101415804762,3.893470679667006,MGroup,0
220,1.478561936461873,2.890011787149661,3.893470679667006,MoonHealth,0
221,3.691582264498878,1.221705876253485,.4190662368026041,Health,0
221,2.131700982486521,1.850281294812793,.4190662368026041,HCorp,0
221,2.104101614243705,1.914152265632817,.4190662368026041,SickInc,1
221,2.493104664040591,2.529066382019074,.4190662368026041,MGroup,0
221,2.255901850251998,3.060704452977192,.4190662368026041,MoonHealth,0
222,3.748236121462455,1.353957451126066,5.763711831111507,Health,0
222,2.838708809473561,1.748556139970582,5.763711831111507,HCorp,1
222,2.492560215644584,2.163535748538891,5.763711831111507,SickInc,0
222,1.420385283874726,2.817347599894741,5.763711831111507,MGroup,0
222,1.668285340854019,3.418978930673133,5.763711831111507,MoonHealth,0
223,3.468912543273328,1.126390547795598,4.719140498256502,Health,0
223,3.123891657810206,1.738176819574798,4.719140498256502,HCorp,0
223,2.489537289824581,2.259438144286601,4.719140498256502,SickInc,0
223,1.706636975116888,2.17168962820742,4.719140498256502,MGroup,0
223,1.528848049984009,3.212094108199839,4.719140498256502,MoonHealth,1
224,3.446309464751618,1.353732118685788,4.248090449818076,Health,0
224,3.069877288307075,1.289447083021614,4.248090449818076,HCorp,0
224,2.309496597520333,2.389323868777927,4.248090449818076,SickInc,0
224,1.074251606142659,2.37460224144276,4.248090449818076,MGroup,1
224,1.176445843491286,2.998619307376899,4.248090449818076,MoonHealth,0
225,1.71624810257285,1.221194954523033,6.923311432909103,Health,1
225,3.062874142059673,1.711594466849492,6.923311432909103,HCorp,0
225,2.272719692517096,2.042304689314701,6.923311432909103,SickInc,0
225,2.696275416745153,2.182043002941984,6.923311432909103,MGroup,0
225,1.087377864228206,2.761456688006357,6.923311432909103,MoonHealth,0
226,2.93884553541105,1.318078653809025,5.796899622646727,Health,0
226,2.167032728784064,1.792922805656649,5.796899622646727,HCorp,1
226,2.42625265932909,2.358006696541567,5.796899622646727,SickInc,0
226,1.650247009703411,2.677204317585633,5.796899622646727,MGroup,0
226,1.258031432501969,3.156568247185935,5.796899622646727,MoonHealth,0
227,2.465119549842743,1.293178070104641,4.248714789888003,Health,1
227,2.893297962502882,1.102059330304808,4.248714789888003,HCorp,0
227,2.223889556499918,2.357385633165248,4.248714789888003,SickInc,0
227,2.69343545974128,2.717363910968129,4.248714789888003,MGroup,0
227,1.312043091517145,3.007650627240645,4.248714789888003,MoonHealth,0
228,2.717526735632085,1.677979056800931,3.974986490302322,Health,0
228,3.075125281687284,1.548131163795753,3.974986490302322,HCorp,0
228,2.092433588636052,2.373277783746509,3.974986490302322,SickInc,0
228,1.581154114503272,2.342802564486485,3.974986490302322,MGroup,1
228,.6531737958541644,3.712621722582374,3.974986490302322,MoonHealth,0
229,3.507972816235459,1.488368824680533,5.357530567594281,Health,0
229,2.837136119965498,1.921302608615874,5.357530567594281,HCorp,1
229,2.042179108909249,2.307766784900681,5.357530567594281,SickInc,0
229,1.50810745537607,2.637668934286995,5.357530567594281,MGroup,0
229,1.710707904052169,3.429792228772333,5.357530567594281,MoonHealth,0
230,3.373313119416555,.906953287148611,5.580715891062163,Health,1
230,2.791791101804391,1.651118370853415,5.580715891062163,HCorp,0
230,2.371734253966915,1.742894845438019,5.580715891062163,SickInc,0
230,.9383913161517681,2.632502536611717,5.580715891062163,MGroup,0
230,1.154439152338525,2.907472208081327,5.580715891062163,MoonHealth,0
231,3.63627849445558,1.060408786475569,6.56349474942537,Health,0
231,3.208372161856137,1.644308718060226,6.56349474942537,HCorp,0
231,1.920853283614691,1.775677412498478,6.56349474942537,SickInc,1
231,2.68166261513084,2.902070921362095,6.56349474942537,MGroup,0
231,1.941368270036511,3.049932667181384,6.56349474942537,MoonHealth,0
232,2.442142115496229,1.62834846688943,5.913792612183708,Health,1
232,2.552673557983212,1.916704528174072,5.913792612183708,HCorp,0
232,2.873532706522306,2.249993372028732,5.913792612183708,SickInc,0
232,2.498809180149566,2.859431008250039,5.913792612183708,MGroup,0
232,1.853187338198413,2.9862749250965,5.913792612183708,MoonHealth,0
233,2.677551880898315,1.167520560868703,5.300858451959988,Health,0
233,2.597697910399871,1.405258228971653,5.300858451959988,HCorp,0
233,2.579662082316808,1.973859314819336,5.300858451959988,SickInc,0
233,1.809214961613943,2.799996141303155,5.300858451959988,MGroup,0
233,.4319927953593328,2.459299753383885,5.300858451959988,MoonHealth,1
234,3.01375195417779,1.040607210976176,5.639088624614539,Health,1
234,2.680054762998887,2.052597284854277,5.639088624614539,HCorp,0
234,3.16972768399797,1.924165563599922,5.639088624614539,SickInc,0
234,1.680261797233911,3.227907608988941,5.639088624614539,MGroup,0
234,1.403253265521874,3.3364617366571,5.639088624614539,MoonHealth,0
235,3.366399790320635,1.10119823551602,2.798406174292811,Health,0
235,2.393634208294698,1.896361896719894,2.798406174292811,HCorp,0
235,2.619360545966744,1.935059869640371,2.798406174292811,SickInc,0
235,1.677556107589279,3.165291782143118,2.798406174292811,MGroup,1
235,1.29454454363859,3.915236189752328,2.798406174292811,MoonHealth,0
236,3.272396154670434,1.35211664817934,3.992642470537462,Health,0
236,3.22967013475368,1.813000527562814,3.992642470537462,HCorp,0
236,2.935703056960024,2.337719703208074,3.992642470537462,SickInc,0
236,1.217415206224381,2.92158635403154,3.992642470537462,MGroup,1
236,1.691392737366596,3.455991845057132,3.992642470537462,MoonHealth,0
237,3.195856233358473,1.206293323476179,5.652067922690753,Health,0
237,3.029109752756603,1.511830990965188,5.652067922690753,HCorp,0
237,2.975317638877227,2.048841352094425,5.652067922690753,SickInc,0
237,1.62136742968952,2.68374597325637,5.652067922690753,MGroup,1
237,1.617910703333769,2.462810802132732,5.652067922690753,MoonHealth,0
238,2.668264103703684,1.309448972669769,5.171436118018684,Health,0
238,2.912672701543738,1.077960659601321,5.171436118018684,HCorp,1
238,2.805686786289678,2.681030945453431,5.171436118018684,SickInc,0
238,1.386098199965354,2.973792263021216,5.171436118018684,MGroup,0
238,1.52592210138285,3.416085949960203,5.171436118018684,MoonHealth,0
239,3.611836554769196,.8290828051663473,4.836046569529481,Health,0
239,2.884432715223791,2.05573420890998,4.836046569529481,HCorp,0
239,2.271642478930832,2.450050353155045,4.836046569529481,SickInc,1
239,2.025716866932615,3.094694576663149,4.836046569529481,MGroup,0
239,1.145944560276677,3.422749138528427,4.836046569529481,MoonHealth,0
240,3.640257322206115,.794397534024387,4.7234171180279,Health,0
240,1.882709450894188,1.669101495301602,4.7234171180279,HCorp,1
240,1.408915316545372,2.380062540227526,4.7234171180279,SickInc,0
240,2.32325898924708,2.635913203008961,4.7234171180279,MGroup,0
240,1.523212485778144,3.16477146096607,4.7234171180279,MoonHealth,0
241,3.728709413121461,1.036290199561297,5.545289735432887,Health,0
241,3.226233226471981,1.6228719396161,5.545289735432887,HCorp,1
241,1.837871112997549,1.952824707078632,5.545289735432887,SickInc,0
241,1.673985241527989,2.45926219674189,5.545289735432887,MGroup,0
241,.6896103696212048,3.363981155392477,5.545289735432887,MoonHealth,0
242,3.478651670848208,.9304830818789618,4.133666113687585,Health,1
242,1.913147084770795,1.843230021899876,4.133666113687585,HCorp,0
242,2.032635831786715,1.91688990817649,4.133666113687585,SickInc,0
242,2.971334130356817,3.043248233466122,4.133666113687585,MGroup,0
242,1.616918130091981,3.342074204159457,4.133666113687585,MoonHealth,0
243,3.552128407625856,1.185599590245734,3.408348107070388,Health,0
243,2.507324964125534,1.613380917234722,3.408348107070388,HCorp,0
243,2.126226060232534,2.236151110156416,3.408348107070388,SickInc,0
243,1.551078890250801,2.525788864309172,3.408348107070388,MGroup,0
243,.7732036436398788,3.050745450226551,3.408348107070388,MoonHealth,1
244,2.637378853262216,1.89703028798991,3.032488219935694,Health,0
244,2.34487198919207,2.005666707814994,3.032488219935694,HCorp,0
244,1.727578496781042,2.064487014728712,3.032488219935694,SickInc,1
244,1.37203345565133,3.270865054767084,3.032488219935694,MGroup,0
244,1.266189572227204,3.11841464070061,3.032488219935694,MoonHealth,0
245,3.833120096886283,1.533542644039579,6.800564513136896,Health,0
245,3.054798743065192,1.918487460661813,6.800564513136896,HCorp,0
245,1.725328631599189,1.719233672438854,6.800564513136896,SickInc,0
245,2.059575651129041,2.920693425264216,6.800564513136896,MGroup,0
245,.7746533011423822,2.867002804241155,6.800564513136896,MoonHealth,1
246,2.830426049099772,1.121792527973501,4.788447750351932,Health,0
246,2.010512340657948,1.794917392344342,4.788447750351932,HCorp,1
246,1.395213122996193,2.219714099636263,4.788447750351932,SickInc,0
246,1.954984955650601,2.47074374115642,4.788447750351932,MGroup,0
246,.7188785598411349,3.25016816286489,4.788447750351932,MoonHealth,0
247,2.815887180807687,1.053092746611887,7.316472758392958,Health,0
247,2.80924313588875,1.977355696849467,7.316472758392958,HCorp,0
247,2.797779834444561,2.329747771799179,7.316472758392958,SickInc,0
247,1.148879786963045,2.650176419629572,7.316472758392958,MGroup,1
247,1.073216634526211,2.753568335022576,7.316472758392958,MoonHealth,0
248,3.460200853234902,1.169178360810279,4.931876520277468,Health,0
248,2.476601900934257,1.56683609556339,4.931876520277468,HCorp,0
248,1.921159066703659,2.356879870555408,4.931876520277468,SickInc,0
248,2.462933095434077,2.867828868126479,4.931876520277468,MGroup,1
248,1.411401337619913,3.286913724831464,4.931876520277468,MoonHealth,0
249,3.371881008622339,1.282090018227182,3.367798704006792,Health,0
249,3.829786895835394,1.738265706859896,3.367798704006792,HCorp,0
249,2.46516326430554,2.105935557973143,3.367798704006792,SickInc,0
249,2.020219653787387,3.450573721358316,3.367798704006792,MGroup,0
249,1.648442579950404,3.527733843117359,3.367798704006792,MoonHealth,1
250,3.159585153477253,1.344053042404949,4.021833276636726,Health,0
250,2.77311134056079,1.631666850942654,4.021833276636726,HCorp,1
250,2.650927098133148,2.098000700441046,4.021833276636726,SickInc,0
250,1.794950028784262,2.526979412397936,4.021833276636726,MGroup,0
250,1.397119595350262,3.189533037952005,4.021833276636726,MoonHealth,0
